 Time, Alt, Temp, Speed, 
  12.619999717921, 0.803334891796112, 310.150332887788, -7.27453601854222E-05, 
 LandedConditionMet, 
 End of Mission, 
